0,0.0,0.0,0.148,-0.244,0.2,-0.54,0.216,-0.772,0.224,-1.0,-0.112,-0.568,0.28,-0.452,0.244,-0.352,0.116,-0.364,-0.24,-0.388,0.244,-0.264,0.176,-0.204,0.032,-0.224,-0.296,-0.188,0.152,-0.076,0.092,-0.032,-0.044,-0.06,-0.316,0.012,0.036,0.088,0.016,0.092,-0.1,0.076
0,0.0,0.0,0.07751937984496124,-0.2364341085271318,0.07751937984496124,-0.562015503875969,0.07751937984496124,-0.813953488372093,0.12790697674418605,-1.0,-0.3372093023255814,-0.6627906976744186,-0.3178294573643411,-0.6124031007751938,-0.18992248062015504,-0.5,-0.21705426356589147,-0.5232558139534884,-0.46124031007751937,-0.5348837209302325,-0.41472868217054265,-0.4728682170542636,-0.22868217054263565,-0.37209302325581395,-0.2751937984496124,-0.4263565891472868,-0.5271317829457365,-0.375968992248062,-0.46511627906976744,-0.313953488372093,-0.29069767441860467,-0.2558139534883721,-0.32170542635658916,-0.32170542635658916,-0.5658914728682171,-0.23255813953488372,-0.49224806201550386,-0.17054263565891473,-0.35271317829457366,-0.1511627906976744,-0.35658914728682173,-0.1937984496124031
0,0.0,0.0,0.1324200913242009,-0.2922374429223744,0.0867579908675799,-0.6118721461187214,0.0182648401826484,-0.817351598173516,-0.0228310502283105,-1.0,-0.3150684931506849,-0.6666666666666666,-0.1415525114155251,-0.6894977168949772,-0.0502283105022831,-0.5616438356164384,-0.0958904109589041,-0.5114155251141552,-0.4611872146118721,-0.5342465753424658,-0.2100456621004566,-0.5296803652968036,-0.0867579908675799,-0.3972602739726027,-0.1598173515981735,-0.3789954337899543,-0.5251141552511416,-0.3607305936073059,-0.2922374429223744,-0.3561643835616438,-0.1689497716894977,-0.2602739726027397,-0.2328767123287671,-0.2511415525114155,-0.54337899543379,-0.1872146118721461,-0.3835616438356164,-0.1917808219178082,-0.2648401826484018,-0.1506849315068493,-0.2831050228310502,-0.1461187214611872
0,0.0,0.0,-0.065,-0.335,-0.21,-0.62,-0.385,-0.82,-0.46,-1.0,-0.69,-0.45,-0.66,-0.485,-0.52,-0.45,-0.425,-0.415,-0.75,-0.24,-0.655,-0.28,-0.52,-0.26,-0.44,-0.225,-0.74,-0.05,-0.65,-0.095,-0.54,-0.09,-0.455,-0.065,-0.7,0.12,-0.635,0.08,-0.53,0.065,-0.455,0.08
0,0.0,0.0,-0.27710843373493976,-0.27710843373493976,-0.42168674698795183,-0.5783132530120482,-0.46184738955823296,-0.8072289156626506,-0.43373493975903615,-1.0,-0.21285140562248997,-0.6746987951807228,-0.6184738955823293,-0.5180722891566265,-0.5461847389558233,-0.40562248995983935,-0.40963855421686746,-0.42971887550200805,-0.11646586345381527,-0.4899598393574297,-0.5943775100401606,-0.3132530120481928,-0.4899598393574297,-0.26907630522088355,-0.3534136546184739,-0.30522088353413657,-0.060240963855421686,-0.2931726907630522,-0.5301204819277109,-0.15261044176706828,-0.42570281124497994,-0.11646586345381527,-0.2891566265060241,-0.1566265060240964,-0.0321285140562249,-0.10040160642570281,-0.42570281124497994,-0.004016064257028112,-0.3534136546184739,0.004016064257028112,-0.21285140562248997,-0.03614457831325301
0,0.0,0.0,-0.12946428571428573,-0.29464285714285715,-0.16071428571428573,-0.59375,-0.15625,-0.8035714285714286,-0.12946428571428573,-1.0,0.17410714285714285,-0.5669642857142857,-0.23660714285714285,-0.5446428571428571,-0.22321428571428573,-0.46875,-0.10714285714285714,-0.45089285714285715,0.23214285714285715,-0.38839285714285715,-0.27232142857142855,-0.34375,-0.20089285714285715,-0.3080357142857143,-0.0625,-0.3169642857142857,0.22767857142857142,-0.19642857142857142,-0.2544642857142857,-0.16964285714285715,-0.17410714285714285,-0.15178571428571427,-0.044642857142857144,-0.16071428571428573,0.18303571428571427,-0.008928571428571428,-0.19196428571428573,-0.008928571428571428,-0.12946428571428573,-0.017857142857142856,0.0,-0.03125
0,0.0,0.0,-0.06951871657754011,-0.33689839572192515,-0.22459893048128343,-0.5989304812834224,-0.39037433155080214,-0.8181818181818182,-0.44919786096256686,-1.0,-0.5721925133689839,-0.49732620320855614,-0.786096256684492,-0.5026737967914439,-0.6737967914438503,-0.47058823529411764,-0.5668449197860963,-0.45989304812834225,-0.6310160427807486,-0.2887700534759358,-0.786096256684492,-0.33689839572192515,-0.679144385026738,-0.32620320855614976,-0.5721925133689839,-0.3048128342245989,-0.6470588235294118,-0.0962566844919786,-0.7540106951871658,-0.1711229946524064,-0.6631016042780749,-0.1657754010695187,-0.5614973262032086,-0.13903743315508021,-0.6470588235294118,0.06951871657754011,-0.7112299465240641,-0.016042780748663103,-0.6203208556149733,-0.0106951871657754,-0.5401069518716578,0.0053475935828877
0,0.0,0.0,-0.20634920634920634,-0.30158730158730157,-0.30687830687830686,-0.5873015873015873,-0.3544973544973545,-0.8042328042328042,-0.36507936507936506,-1.0,-0.031746031746031744,-0.656084656084656,-0.4497354497354497,-0.5608465608465608,-0.4074074074074074,-0.4656084656084656,-0.2751322751322751,-0.48148148148148145,0.042328042328042326,-0.47619047619047616,-0.4444444444444444,-0.36507936507936506,-0.35978835978835977,-0.32275132275132273,-0.2275132275132275,-0.3544973544973545,0.07936507936507936,-0.2857142857142857,-0.3862433862433862,-0.19047619047619047,-0.2962962962962963,-0.15873015873015872,-0.164021164021164,-0.17989417989417988,0.08994708994708994,-0.09523809523809523,-0.291005291005291,-0.047619047619047616,-0.2222222222222222,-0.047619047619047616,-0.08465608465608465,-0.07407407407407407
0,0.0,0.0,0.17098445595854922,-0.23316062176165803,0.20207253886010362,-0.533678756476684,0.19689119170984457,-0.772020725388601,0.19170984455958548,-1.0,-0.13989637305699482,-0.5077720207253886,0.23834196891191708,-0.37823834196891193,0.24352331606217617,-0.2849740932642487,0.11917098445595854,-0.2849740932642487,-0.2849740932642487,-0.3160621761658031,0.19170984455958548,-0.16580310880829016,0.17616580310880828,-0.12953367875647667,0.03626943005181347,-0.16062176165803108,-0.3471502590673575,-0.11398963730569948,0.07772020725388601,0.0051813471502590676,0.07772020725388601,0.02072538860103627,-0.04145077720207254,-0.010362694300518135,-0.37305699481865284,0.08290155440414508,-0.06217616580310881,0.15025906735751296,-0.031088082901554404,0.14507772020725387,-0.10880829015544041,0.12953367875647667
1,0.0,0.0,0.11864406779661017,0.2796610169491525,0.3135593220338983,0.5508474576271186,0.4067796610169492,0.788135593220339,0.423728813559322,1.0,0.6864406779661016,0.3220338983050847,0.864406779661017,0.4067796610169492,0.6271186440677966,0.3983050847457627,0.5677966101694916,0.3559322033898305,0.6864406779661016,0.1271186440677966,0.7966101694915254,0.22033898305084745,0.5169491525423728,0.2288135593220339,0.559322033898305,0.17796610169491525,0.6440677966101694,-0.059322033898305086,0.7457627118644068,0.025423728813559324,0.5169491525423728,0.059322033898305086,0.5423728813559322,0.00847457627118644,0.5932203389830508,-0.2457627118644068,0.6779661016949152,-0.19491525423728814,0.5338983050847458,-0.11016949152542373,0.5084745762711864,-0.1271186440677966
1,0.0,0.0,0.11290322580645161,0.2661290322580645,0.28225806451612906,0.5403225806451613,0.3064516129032258,0.7983870967741935,0.25806451612903225,1.0,0.6612903225806451,0.3064516129032258,0.8225806451612904,0.3951612903225806,0.5967741935483871,0.3870967741935484,0.5645161290322581,0.3467741935483871,0.6532258064516129,0.12096774193548387,0.7661290322580645,0.21774193548387097,0.49193548387096775,0.22580645161290322,0.5564516129032258,0.1693548387096774,0.6129032258064516,-0.06451612903225806,0.7096774193548387,0.024193548387096774,0.49193548387096775,0.06451612903225806,0.532258064516129,0.008064516129032258,0.5645161290322581,-0.24193548387096775,0.6451612903225806,-0.18548387096774194,0.5080645161290323,-0.11290322580645161,0.4838709677419355,-0.13709677419354838
1,0.0,0.0,0.04054054054054054,0.27702702702702703,0.060810810810810814,0.581081081081081,0.1554054054054054,0.8445945945945946,0.31756756756756754,1.0,-0.20945945945945946,0.2972972972972973,-0.6418918918918919,0.6013513513513513,-0.5202702702702703,0.6216216216216216,-0.38513513513513514,0.5472972972972973,-0.32432432432432434,0.06756756756756757,-0.7567567567567568,0.44594594594594594,-0.6216216216216216,0.47297297297297297,-0.5,0.3716216216216216,-0.4189189189189189,-0.11486486486486487,-0.8108108108108109,0.24324324324324326,-0.6756756756756757,0.2635135135135135,-0.5540540540540541,0.17567567567567569,-0.4864864864864865,-0.25,-0.8108108108108109,0.0,-0.7162162162162162,0.0472972972972973,-0.6013513513513513,-0.013513513513513514
1,0.0,0.0,0.04827586206896552,0.2620689655172414,0.16551724137931034,0.5241379310344828,0.15862068965517243,0.7862068965517242,0.10344827586206896,1.0,0.6,0.3724137931034483,0.7310344827586207,0.4827586206896552,0.5241379310344828,0.4413793103448276,0.46206896551724136,0.4068965517241379,0.6344827586206897,0.18620689655172415,0.696551724137931,0.296551724137931,0.4413793103448276,0.27586206896551724,0.47586206896551725,0.22758620689655173,0.6137931034482759,0.0,0.6482758620689655,0.0896551724137931,0.4413793103448276,0.10344827586206896,0.4689655172413793,0.06206896551724138,0.5724137931034483,-0.18620689655172415,0.6137931034482759,-0.11724137931034483,0.46206896551724136,-0.06206896551724138,0.4413793103448276,-0.06896551724137931
1,0.0,0.0,0.09448818897637795,0.30708661417322836,0.2677165354330709,0.5669291338582677,0.41732283464566927,0.8031496062992126,0.5039370078740157,1.0,0.6377952755905512,0.36220472440944884,0.889763779527559,0.4094488188976378,0.7086614173228346,0.41732283464566927,0.5590551181102362,0.4015748031496063,0.6377952755905512,0.1732283464566929,0.8818897637795275,0.2125984251968504,0.6062992125984252,0.2283464566929134,0.5275590551181102,0.2283464566929134,0.6062992125984252,-0.015748031496062992,0.7874015748031497,0.015748031496062992,0.5433070866141733,0.05511811023622047,0.47244094488188976,0.05511811023622047,0.5590551181102362,-0.2125984251968504,0.6929133858267716,-0.1889763779527559,0.5433070866141733,-0.11811023622047244,0.48031496062992124,-0.11023622047244094
1,0.0,0.0,0.09375,0.296875,0.28125,0.5625,0.453125,0.8046875,0.5625,1.0,0.671875,0.359375,0.90625,0.40625,0.6875,0.421875,0.546875,0.40625,0.6640625,0.1640625,0.890625,0.2109375,0.59375,0.2421875,0.5390625,0.2265625,0.6328125,-0.03125,0.796875,0.0078125,0.546875,0.0625,0.4921875,0.046875,0.578125,-0.2265625,0.7109375,-0.203125,0.5546875,-0.125,0.5,-0.1171875
1,0.0,0.0,-0.06060606060606061,0.30303030303030304,-0.21212121212121213,0.5696969696969697,-0.3515151515151515,0.8,-0.4,1.0,-0.509090909090909,0.3939393939393939,-0.7393939393939394,0.4,-0.5333333333333333,0.34545454545454546,-0.41818181818181815,0.3393939393939394,-0.5333333333333333,0.21818181818181817,-0.7333333333333333,0.22424242424242424,-0.4666666666666667,0.19393939393939394,-0.3878787878787879,0.21818181818181817,-0.5393939393939394,0.04242424242424243,-0.7454545454545455,0.04242424242424243,-0.49696969696969695,0.03636363636363636,-0.40606060606060607,0.06060606060606061,-0.5212121212121212,-0.12121212121212122,-0.6787878787878788,-0.13333333333333333,-0.509090909090909,-0.10909090909090909,-0.41818181818181815,-0.07878787878787878
1,0.0,0.0,0.023529411764705882,0.3176470588235294,0.047058823529411764,0.5823529411764706,0.023529411764705882,0.8470588235294118,0.023529411764705882,1.0,-0.27647058823529413,0.5470588235294118,-0.40588235294117647,0.6294117647058823,-0.24705882352941178,0.5411764705882353,-0.16470588235294117,0.49411764705882355,-0.3588235294117647,0.4,-0.49411764705882355,0.5,-0.27058823529411763,0.4,-0.20588235294117646,0.3764705882352941,-0.4,0.2529411764705882,-0.5470588235294118,0.3352941176470588,-0.3352941176470588,0.27058823529411763,-0.2529411764705882,0.23529411764705882,-0.4117647058823529,0.1,-0.5235294117647059,0.16470588235294117,-0.3588235294117647,0.1411764705882353,-0.29411764705882354,0.12352941176470589
1,0.0,0.0,-0.09554140127388536,0.2929936305732484,-0.3248407643312102,0.5605095541401274,-0.5159235668789809,0.7834394904458599,-0.5859872611464968,1.0,-0.6878980891719745,0.3184713375796178,-0.8471337579617835,0.31210191082802546,-0.5923566878980892,0.27388535031847133,-0.535031847133758,0.2611464968152866,-0.7133757961783439,0.10828025477707007,-0.8343949044585988,0.11464968152866242,-0.535031847133758,0.12101910828025478,-0.5414012738853503,0.12738853503184713,-0.6815286624203821,-0.08917197452229299,-0.8089171974522293,-0.09554140127388536,-0.554140127388535,-0.05732484076433121,-0.535031847133758,-0.050955414012738856,-0.6369426751592356,-0.267515923566879,-0.7452229299363057,-0.28662420382165604,-0.5605095541401274,-0.21656050955414013,-0.5159235668789809,-0.18471337579617833
1,0.0,0.0,-0.012422360248447204,0.2670807453416149,-0.16149068322981366,0.5590062111801242,-0.2795031055900621,0.782608695652174,-0.38509316770186336,1.0,-0.5403726708074534,0.3105590062111801,-0.2484472049689441,0.2422360248447205,-0.15527950310559005,0.2422360248447205,-0.19875776397515527,0.2546583850931677,-0.6149068322981367,0.06832298136645963,-0.16149068322981366,0.018633540372670808,-0.11180124223602485,0.062111801242236024,-0.19254658385093168,0.09937888198757763,-0.5962732919254659,-0.14906832298136646,-0.17391304347826086,-0.16149068322981366,-0.11801242236024845,-0.11180124223602485,-0.19875776397515527,-0.08695652173913043,-0.5341614906832298,-0.32919254658385094,-0.2111801242236025,-0.32919254658385094,-0.12422360248447205,-0.2732919254658385,-0.15527950310559005,-0.2236024844720497
1,0.0,0.0,0.10457516339869281,0.26143790849673204,0.19607843137254902,0.5294117647058824,0.27450980392156865,0.7647058823529411,0.26143790849673204,1.0,-0.16993464052287582,0.37254901960784315,0.39869281045751637,0.16993464052287582,0.37254901960784315,0.20261437908496732,0.22875816993464052,0.24836601307189543,-0.24836601307189543,0.08496732026143791,0.42483660130718953,-0.0718954248366013,0.32679738562091504,0.013071895424836602,0.1503267973856209,0.0784313725490196,-0.26143790849673204,-0.16339869281045752,0.33986928104575165,-0.2222222222222222,0.2549019607843137,-0.1568627450980392,0.08496732026143791,-0.12418300653594772,-0.24183006535947713,-0.35947712418300654,0.20915032679738563,-0.35947712418300654,0.1503267973856209,-0.3137254901960784,-0.006535947712418301,-0.2875816993464052
1,0.0,0.0,0.1793478260869565,0.29347826086956524,0.43478260869565216,0.5434782608695652,0.5815217391304348,0.7771739130434783,0.592391304347826,1.0,0.5380434782608695,0.3641304347826087,0.9728260869565217,0.29891304347826086,0.8532608695652174,0.29347826086956524,0.6956521739130435,0.31521739130434784,0.5217391304347826,0.13043478260869565,0.9728260869565217,0.11413043478260869,0.842391304347826,0.1358695652173913,0.6793478260869565,0.14130434782608695,0.5054347826086957,-0.07608695652173914,0.907608695652174,-0.059782608695652176,0.7771739130434783,-0.02717391304347826,0.6304347826086957,-0.016304347826086956,0.483695652173913,-0.25,0.8043478260869565,-0.20108695652173914,0.6956521739130435,-0.16304347826086957,0.5652173913043478,-0.16847826086956522
1,0.0,0.0,-0.06179775280898876,0.2808988764044944,-0.2303370786516854,0.5617977528089888,-0.3595505617977528,0.797752808988764,-0.398876404494382,1.0,-0.5730337078651685,0.4438202247191011,-0.797752808988764,0.4606741573033708,-0.5955056179775281,0.38764044943820225,-0.5,0.38202247191011235,-0.6292134831460674,0.2752808988764045,-0.8314606741573034,0.28651685393258425,-0.5730337078651685,0.2303370786516854,-0.5168539325842697,0.25842696629213485,-0.6460674157303371,0.10112359550561797,-0.8426966292134831,0.10112359550561797,-0.6179775280898876,0.07303370786516854,-0.550561797752809,0.09550561797752809,-0.6348314606741573,-0.06179775280898876,-0.797752808988764,-0.06179775280898876,-0.6348314606741573,-0.05056179775280899,-0.5561797752808989,-0.028089887640449437
1,0.0,0.0,0.0,0.3032258064516129,-0.1032258064516129,0.6064516129032258,-0.1935483870967742,0.8387096774193549,-0.24516129032258063,1.0,-0.3032258064516129,0.45161290322580644,-0.4838709677419355,0.43870967741935485,-0.3096774193548387,0.38064516129032255,-0.22580645161290322,0.4,-0.3225806451612903,0.2645161290322581,-0.5032258064516129,0.2645161290322581,-0.2838709677419355,0.23225806451612904,-0.2129032258064516,0.2645161290322581,-0.32903225806451614,0.10967741935483871,-0.4838709677419355,0.09032258064516129,-0.27741935483870966,0.07096774193548387,-0.2064516129032258,0.1032258064516129,-0.3161290322580645,-0.025806451612903226,-0.4129032258064516,-0.05806451612903226,-0.25806451612903225,-0.05806451612903226,-0.1870967741935484,-0.03870967741935484
1,0.0,0.0,-0.05232558139534884,0.3313953488372093,-0.09302325581395349,0.6162790697674418,-0.14534883720930233,0.8255813953488372,-0.16279069767441862,1.0,-0.14534883720930233,0.436046511627907,-0.3430232558139535,0.47674418604651164,-0.3081395348837209,0.42441860465116277,-0.20930232558139536,0.38372093023255816,-0.1569767441860465,0.2441860465116279,-0.36627906976744184,0.27906976744186046,-0.27325581395348836,0.25,-0.1569767441860465,0.23837209302325582,-0.1686046511627907,0.09883720930232558,-0.3430232558139535,0.11046511627906977,-0.2558139534883721,0.09302325581395349,-0.14534883720930233,0.11046511627906977,-0.1686046511627907,-0.005813953488372093,-0.3023255813953488,-0.046511627906976744,-0.22674418604651161,-0.05232558139534884,-0.12209302325581395,-0.03488372093023256
1,0.0,0.0,-0.1232876712328767,0.3150684931506849,-0.4178082191780822,0.5958904109589042,-0.6575342465753424,0.8013698630136986,-0.773972602739726,1.0,-0.8082191780821918,0.3287671232876712,-0.9931506849315068,0.3287671232876712,-0.7328767123287672,0.3013698630136986,-0.6643835616438356,0.2808219178082192,-0.815068493150685,0.10273972602739725,-0.952054794520548,0.1095890410958904,-0.6438356164383562,0.1232876712328767,-0.6575342465753424,0.13013698630136986,-0.7671232876712328,-0.1095890410958904,-0.9041095890410958,-0.1232876712328767,-0.636986301369863,-0.07534246575342465,-0.6438356164383562,-0.0684931506849315,-0.6986301369863014,-0.3150684931506849,-0.8082191780821918,-0.3219178082191781,-0.6232876712328768,-0.23972602739726026,-0.5958904109589042,-0.21232876712328766
1,0.0,0.0,-0.07142857142857142,0.2857142857142857,-0.25,0.5714285714285714,-0.39285714285714285,0.8035714285714286,-0.5119047619047619,1.0,-0.7559523809523809,0.30357142857142855,-0.5952380952380952,0.43452380952380953,-0.40476190476190477,0.3869047619047619,-0.40476190476190477,0.3273809523809524,-0.7976190476190477,0.08928571428571429,-0.5476190476190477,0.2261904761904762,-0.3630952380952381,0.21428571428571427,-0.39285714285714285,0.16666666666666666,-0.7440476190476191,-0.1130952380952381,-0.5119047619047619,0.011904761904761904,-0.3630952380952381,0.02976190476190476,-0.39880952380952384,0.0,-0.6547619047619048,-0.30357142857142855,-0.5119047619047619,-0.20238095238095238,-0.39285714285714285,-0.15476190476190477,-0.39285714285714285,-0.16071428571428573
1,0.0,0.0,0.011111111111111112,0.25,-0.09444444444444444,0.5444444444444444,-0.15,0.7777777777777778,-0.2111111111111111,1.0,-0.42777777777777776,0.35555555555555557,-0.05,0.32222222222222224,-0.03888888888888889,0.3055555555555556,-0.14444444444444443,0.3,-0.4888888888888889,0.1111111111111111,0.022222222222222223,0.08888888888888889,-0.03333333333333333,0.11666666666666667,-0.17222222222222222,0.14444444444444443,-0.46111111111111114,-0.1111111111111111,0.0,-0.08333333333333333,-0.05,-0.05555555555555555,-0.18888888888888888,-0.044444444444444446,-0.4,-0.29444444444444445,-0.05555555555555555,-0.25,-0.07777777777777778,-0.23333333333333334,-0.19444444444444445,-0.2222222222222222
1,0.0,0.0,0.05384615384615385,0.3,0.06153846153846154,0.6230769230769231,0.07692307692307693,0.8538461538461538,0.007692307692307693,1.0,-0.47692307692307695,0.46153846153846156,0.16153846153846155,0.3076923076923077,0.17692307692307693,0.3384615384615385,0.015384615384615385,0.38461538461538464,-0.5615384615384615,0.1,0.23846153846153847,-0.023076923076923078,0.16923076923076924,0.07692307692307693,-0.046153846153846156,0.15384615384615385,-0.5461538461538461,-0.2230769230769231,0.19230769230769232,-0.23846153846153847,0.13846153846153847,-0.14615384615384616,-0.06923076923076923,-0.09230769230769231,-0.47692307692307695,-0.46923076923076923,0.06923076923076923,-0.4461538461538462,0.06923076923076923,-0.36923076923076925,-0.06153846153846154,-0.3230769230769231
1,0.0,0.0,0.075,0.2,0.275,0.35833333333333334,0.45,0.55,0.5916666666666667,0.825,0.8583333333333333,-0.11666666666666667,0.44166666666666665,-0.225,0.24166666666666667,-0.16666666666666666,0.3333333333333333,-0.175,0.875,-0.4166666666666667,0.2833333333333333,-0.55,0.125,-0.36666666666666664,0.25833333333333336,-0.2833333333333333,0.7833333333333333,-0.6666666666666666,0.26666666666666666,-0.7916666666666666,0.11666666666666667,-0.5666666666666667,0.25,-0.45,0.6416666666666667,-0.8666666666666667,0.275,-1.0,0.15833333333333333,-0.8416666666666667,0.25833333333333336,-0.725
1,0.0,0.0,-0.1111111111111111,0.3388888888888889,-0.29444444444444445,0.5888888888888889,-0.5222222222222223,0.8,-0.7111111111111111,0.95,-0.7333333333333333,0.24444444444444444,-0.9722222222222222,0.4666666666666667,-0.7777777777777778,0.5166666666666667,-0.6222222222222222,0.4722222222222222,-0.7833333333333333,0.022222222222222223,-1.0,0.28888888888888886,-0.8333333333333334,0.35,-0.7055555555555556,0.3111111111111111,-0.7611111111111111,-0.14444444444444443,-0.9222222222222223,0.1111111111111111,-0.7944444444444444,0.16111111111111112,-0.6777777777777778,0.12777777777777777,-0.7055555555555556,-0.2611111111111111,-0.8444444444444444,-0.06111111111111111,-0.7388888888888889,-0.005555555555555556,-0.6388888888888888,-0.03333333333333333
1,0.0,0.0,0.041666666666666664,-0.0763888888888889,0.3333333333333333,-0.1736111111111111,0.7361111111111112,-0.2222222222222222,1.0,-0.2222222222222222,0.2361111111111111,-0.1875,0.6388888888888888,-0.2013888888888889,0.7708333333333334,-0.09722222222222222,0.8194444444444444,0.027777777777777776,0.2569444444444444,-0.06944444444444445,0.8125,-0.11805555555555555,0.8541666666666666,-0.034722222222222224,0.7986111111111112,0.041666666666666664,0.2986111111111111,0.08333333333333333,0.8194444444444444,0.0763888888888889,0.7916666666666666,0.1388888888888889,0.7013888888888888,0.19444444444444445,0.3263888888888889,0.2638888888888889,0.6666666666666666,0.3611111111111111,0.7013888888888888,0.4930555555555556,0.6944444444444444,0.6180555555555556
1,0.0,0.0,-0.20408163265306123,0.23809523809523808,-0.3401360544217687,0.54421768707483,-0.4897959183673469,0.7891156462585034,-0.564625850340136,1.0,0.2585034013605442,0.3469387755102041,-0.23129251700680273,0.19727891156462585,-0.17687074829931973,0.25170068027210885,-0.02040816326530612,0.3197278911564626,0.4013605442176871,0.04081632653061224,-0.2585034013605442,-0.07482993197278912,-0.14285714285714285,0.013605442176870748,0.061224489795918366,0.08843537414965986,0.40816326530612246,-0.23129251700680273,-0.1836734693877551,-0.2925170068027211,-0.08843537414965986,-0.23809523809523808,0.10204081632653061,-0.19047619047619047,0.3469387755102041,-0.46938775510204084,-0.06802721088435375,-0.4965986394557823,0.0,-0.42857142857142855,0.17687074829931973,-0.3741496598639456
1,0.0,0.0,-0.31016042780748665,0.16042780748663102,-0.6203208556149733,0.22459893048128343,-0.8770053475935828,0.32085561497326204,-1.0,0.47058823529411764,-0.7647058823529411,-0.22994652406417113,-0.9625668449197861,-0.22459893048128343,-0.8556149732620321,-0.12299465240641712,-0.7433155080213903,-0.0748663101604278,-0.6577540106951871,-0.40641711229946526,-0.8235294117647058,-0.3315508021390374,-0.7433155080213903,-0.23529411764705882,-0.6470588235294118,-0.19786096256684493,-0.5133689839572193,-0.5026737967914439,-0.6684491978609626,-0.4117647058823529,-0.6149732620320856,-0.3315508021390374,-0.5187165775401069,-0.28342245989304815,-0.3850267379679144,-0.5561497326203209,-0.5294117647058824,-0.47593582887700536,-0.48663101604278075,-0.40106951871657753,-0.40641711229946526,-0.3582887700534759
1,0.0,0.0,0.06,0.30666666666666664,0.29333333333333333,0.5533333333333333,0.49333333333333335,0.7666666666666667,0.66,1.0,0.84,0.28,0.68,0.18666666666666668,0.4866666666666667,0.18,0.5133333333333333,0.21333333333333335,0.86,0.013333333333333334,0.6733333333333333,-0.06,0.4266666666666667,-0.02,0.46,0.03333333333333333,0.7733333333333333,-0.21333333333333335,0.6533333333333333,-0.3,0.42,-0.22666666666666666,0.44666666666666666,-0.14,0.66,-0.4,0.58,-0.5,0.42,-0.4266666666666667,0.42,-0.3466666666666667
1,0.0,0.0,0.20987654320987653,0.2345679012345679,0.5123456790123457,0.4567901234567901,0.7901234567901234,0.5925925925925926,1.0,0.6481481481481481,0.8148148148148148,0.10493827160493827,1.0,-0.05555555555555555,0.7530864197530864,0.030864197530864196,0.6481481481481481,0.13580246913580246,0.7283950617283951,-0.10493827160493827,0.9074074074074074,-0.2716049382716049,0.6172839506172839,-0.11728395061728394,0.5555555555555556,-0.006172839506172839,0.6296296296296297,-0.2654320987654321,0.7839506172839507,-0.4444444444444444,0.5308641975308642,-0.29012345679012347,0.4691358024691358,-0.16049382716049382,0.5123456790123457,-0.4074074074074074,0.5864197530864198,-0.5617283950617284,0.4506172839506173,-0.42592592592592593,0.4012345679012346,-0.30864197530864196
1,0.0,0.0,-0.27692307692307694,0.1794871794871795,-0.5794871794871795,0.26666666666666666,-0.8564102564102564,0.4,-1.0,0.5846153846153846,-0.4512820512820513,-0.11282051282051282,-0.9282051282051282,-0.12307692307692308,-0.7948717948717948,-0.005128205128205128,-0.6358974358974359,0.020512820512820513,-0.37948717948717947,-0.31794871794871793,-0.8974358974358975,-0.30256410256410254,-0.8051282051282052,-0.18461538461538463,-0.6615384615384615,-0.1641025641025641,-0.31794871794871793,-0.47692307692307695,-0.8102564102564103,-0.46153846153846156,-0.7282051282051282,-0.3435897435897436,-0.5897435897435898,-0.3230769230769231,-0.28205128205128205,-0.5897435897435898,-0.6461538461538462,-0.5794871794871795,-0.5897435897435898,-0.47692307692307695,-0.46153846153846156,-0.441025641025641
2,0.0,0.0,0.18095238095238095,-0.07301587301587302,0.34285714285714286,-0.2222222222222222,0.4507936507936508,-0.36507936507936506,0.5365079365079365,-0.4666666666666667,0.20634920634920634,-0.5142857142857142,0.2222222222222222,-0.6984126984126984,0.2253968253968254,-0.8126984126984127,0.2253968253968254,-0.9174603174603174,0.10476190476190476,-0.5396825396825397,0.12698412698412698,-0.746031746031746,0.13968253968253969,-0.8825396825396825,0.1523809523809524,-1.0,0.0031746031746031746,-0.5206349206349207,0.02857142857142857,-0.7238095238095238,0.050793650793650794,-0.8476190476190476,0.0761904761904762,-0.9619047619047619,-0.11428571428571428,-0.46984126984126984,-0.10158730158730159,-0.6285714285714286,-0.08888888888888889,-0.7301587301587301,-0.07301587301587302,-0.8317460317460318
2,0.0,0.0,0.19298245614035087,-0.07719298245614035,0.35789473684210527,-0.21052631578947367,0.45964912280701753,-0.34035087719298246,0.519298245614035,-0.45964912280701753,0.21052631578947367,-0.512280701754386,0.23859649122807017,-0.7017543859649122,0.24912280701754386,-0.8175438596491228,0.256140350877193,-0.9228070175438596,0.10877192982456141,-0.5368421052631579,0.14035087719298245,-0.7508771929824561,0.15789473684210525,-0.887719298245614,0.17192982456140352,-1.0,0.007017543859649123,-0.5228070175438596,0.031578947368421054,-0.7263157894736842,0.056140350877192984,-0.8491228070175438,0.08421052631578947,-0.9543859649122807,-0.10526315789473684,-0.47719298245614034,-0.09824561403508772,-0.631578947368421,-0.08421052631578947,-0.7333333333333333,-0.07017543859649122,-0.8315789473684211
2,0.0,0.0,0.18064516129032257,-0.07741935483870968,0.34838709677419355,-0.21935483870967742,0.45161290322580644,-0.35161290322580646,0.5193548387096775,-0.45161290322580644,0.2129032258064516,-0.5129032258064516,0.25483870967741934,-0.6967741935483871,0.2709677419354839,-0.8064516129032258,0.2806451612903226,-0.9064516129032258,0.10967741935483871,-0.5387096774193548,0.14838709677419354,-0.7516129032258064,0.16774193548387098,-0.8870967741935484,0.18387096774193548,-1.0,0.00967741935483871,-0.5225806451612903,0.035483870967741936,-0.7258064516129032,0.06129032258064516,-0.8516129032258064,0.08709677419354839,-0.9580645161290322,-0.10967741935483871,-0.47419354838709676,-0.0967741935483871,-0.6387096774193548,-0.08064516129032258,-0.7387096774193549,-0.06451612903225806,-0.832258064516129
2,0.0,0.0,0.18556701030927836,-0.07560137457044673,0.3402061855670103,-0.2027491408934708,0.44329896907216493,-0.3436426116838488,0.4742268041237113,-0.4639175257731959,0.20962199312714777,-0.5085910652920962,0.23024054982817868,-0.6941580756013745,0.23367697594501718,-0.8075601374570447,0.24054982817869416,-0.9072164948453608,0.1134020618556701,-0.5360824742268041,0.140893470790378,-0.7525773195876289,0.15463917525773196,-0.8865979381443299,0.1718213058419244,-1.0,0.010309278350515464,-0.5223367697594502,0.041237113402061855,-0.7250859106529209,0.06872852233676977,-0.8487972508591065,0.09621993127147767,-0.9553264604810997,-0.10309278350515463,-0.47766323024054985,-0.07903780068728522,-0.6323024054982818,-0.058419243986254296,-0.7319587628865979,-0.037800687285223365,-0.8247422680412371
2,0.0,0.0,0.19281045751633988,-0.0718954248366013,0.33986928104575165,-0.21568627450980393,0.434640522875817,-0.34967320261437906,0.49673202614379086,-0.4542483660130719,0.19607843137254902,-0.5163398692810458,0.20915032679738563,-0.7026143790849673,0.21241830065359477,-0.8137254901960784,0.21895424836601307,-0.9150326797385621,0.10130718954248366,-0.5392156862745098,0.11764705882352941,-0.7549019607843137,0.13398692810457516,-0.8888888888888888,0.1503267973856209,-1.0,0.006535947712418301,-0.5261437908496732,0.02287581699346405,-0.7287581699346405,0.049019607843137254,-0.8562091503267973,0.07516339869281045,-0.9640522875816994,-0.09803921568627451,-0.4803921568627451,-0.08496732026143791,-0.6372549019607843,-0.06535947712418301,-0.7418300653594772,-0.0457516339869281,-0.8398692810457516
2,0.0,0.0,0.18495297805642633,-0.07523510971786834,0.3510971786833856,-0.20689655172413793,0.4482758620689655,-0.34169278996865204,0.5047021943573667,-0.445141065830721,0.21630094043887146,-0.5078369905956113,0.2507836990595611,-0.6959247648902821,0.26332288401253917,-0.8056426332288401,0.2727272727272727,-0.9059561128526645,0.11912225705329153,-0.5360501567398119,0.1536050156739812,-0.7523510971786834,0.1724137931034483,-0.8871473354231975,0.19122257053291536,-1.0,0.018808777429467086,-0.5203761755485894,0.0438871473354232,-0.7210031347962382,0.07210031347962383,-0.8463949843260188,0.10031347962382445,-0.9498432601880877,-0.09404388714733543,-0.4702194357366771,-0.07836990595611286,-0.6238244514106583,-0.06583072100313479,-0.7178683385579937,-0.047021943573667714,-0.8056426332288401
2,0.0,0.0,0.18892508143322476,-0.0781758957654723,0.3485342019543974,-0.2182410423452769,0.44625407166123776,-0.3485342019543974,0.46254071661237783,-0.4364820846905538,0.20195439739413681,-0.50814332247557,0.2247557003257329,-0.6905537459283387,0.23452768729641693,-0.7980456026058632,0.24429967426710097,-0.8957654723127035,0.10749185667752444,-0.5309446254071661,0.13355048859934854,-0.742671009771987,0.1498371335504886,-0.8794788273615635,0.16286644951140064,-1.0,0.009771986970684038,-0.5179153094462541,0.029315960912052116,-0.7166123778501629,0.05537459283387622,-0.8403908794788274,0.0749185667752443,-0.9478827361563518,-0.09446254071661238,-0.4723127035830619,-0.08143322475570032,-0.6286644951140065,-0.06840390879478828,-0.7263843648208469,-0.05537459283387622,-0.8241042345276873
2,0.0,0.0,0.18098159509202455,-0.07975460122699386,0.3374233128834356,-0.2085889570552147,0.4386503067484663,-0.3343558282208589,0.49693251533742333,-0.44785276073619634,0.19325153374233128,-0.5122699386503068,0.20552147239263804,-0.6993865030674846,0.20245398773006135,-0.8159509202453987,0.20552147239263804,-0.9171779141104295,0.09815950920245399,-0.5337423312883436,0.11349693251533742,-0.7515337423312883,0.13190184049079753,-0.8895705521472392,0.15030674846625766,-1.0,0.0,-0.5184049079754601,0.006134969325153374,-0.7239263803680982,0.03680981595092025,-0.8496932515337423,0.06748466257668712,-0.950920245398773,-0.10736196319018405,-0.4723926380368098,-0.10429447852760736,-0.6319018404907976,-0.0950920245398773,-0.7300613496932515,-0.07668711656441718,-0.8220858895705522
2,0.0,0.0,0.15579710144927536,0.0036231884057971015,0.31521739130434784,-0.06521739130434782,0.4384057971014493,-0.15217391304347827,0.5253623188405797,-0.2644927536231884,0.31521739130434784,-0.4311594202898551,0.39855072463768115,-0.6340579710144928,0.44565217391304346,-0.7681159420289855,0.48188405797101447,-0.8913043478260869,0.2210144927536232,-0.4891304347826087,0.3188405797101449,-0.717391304347826,0.3804347826086957,-0.8695652173913043,0.43478260869565216,-1.0,0.11956521739130435,-0.5036231884057971,0.2028985507246377,-0.7137681159420289,0.2608695652173913,-0.8478260869565217,0.3188405797101449,-0.9601449275362319,0.007246376811594203,-0.4927536231884058,0.050724637681159424,-0.6557971014492754,0.08333333333333333,-0.7572463768115942,0.11956521739130435,-0.8514492753623188
2,0.0,0.0,0.1693548387096774,0.04838709677419355,0.36693548387096775,0.04032258064516129,0.5241935483870968,-0.008064516129032258,0.6612903225806451,-0.0846774193548387,0.5241935483870968,-0.3709677419354839,0.7096774193548387,-0.5483870967741935,0.8104838709677419,-0.6733870967741935,0.8991935483870968,-0.782258064516129,0.4475806451612903,-0.4838709677419355,0.657258064516129,-0.6935483870967742,0.7862903225806451,-0.8306451612903226,0.8951612903225806,-0.9475806451612904,0.3387096774193548,-0.5443548387096774,0.5241935483870968,-0.7580645161290323,0.6451612903225806,-0.8911290322580645,0.75,-1.0,0.18951612903225806,-0.5725806451612904,0.3024193548387097,-0.7379032258064516,0.38306451612903225,-0.842741935483871,0.46774193548387094,-0.9354838709677419
2,0.0,0.0,0.20155038759689922,-0.023255813953488372,0.3992248062015504,-0.12403100775193798,0.5348837209302325,-0.2441860465116279,0.627906976744186,-0.35658914728682173,0.3643410852713178,-0.4689922480620155,0.45348837209302323,-0.6627906976744186,0.49612403100775193,-0.7829457364341085,0.5426356589147286,-0.8914728682170543,0.2713178294573643,-0.5310077519379846,0.37209302325581395,-0.748062015503876,0.437984496124031,-0.8837209302325582,0.5,-1.0,0.16279069767441862,-0.5426356589147286,0.25193798449612403,-0.751937984496124,0.32558139534883723,-0.875968992248062,0.3953488372093023,-0.9806201550387597,0.031007751937984496,-0.5232558139534884,0.08914728682170543,-0.689922480620155,0.13565891472868216,-0.7868217054263565,0.18992248062015504,-0.8837209302325582
2,0.0,0.0,0.1510791366906475,-0.1474820143884892,0.2589928057553957,-0.3237410071942446,0.3057553956834532,-0.49640287769784175,0.3057553956834532,-0.6366906474820144,0.025179856115107913,-0.564748201438849,-0.014388489208633094,-0.7482014388489209,-0.0539568345323741,-0.8489208633093526,-0.08633093525179857,-0.9460431654676259,-0.07553956834532374,-0.5539568345323741,-0.12589928057553956,-0.762589928057554,-0.16546762589928057,-0.8920863309352518,-0.19784172661870503,-1.0,-0.16906474820143885,-0.5071942446043165,-0.21223021582733814,-0.7014388489208633,-0.23381294964028776,-0.8237410071942446,-0.2517985611510791,-0.9316546762589928,-0.26258992805755393,-0.4244604316546763,-0.29856115107913667,-0.5755395683453237,-0.30935251798561153,-0.6690647482014388,-0.30935251798561153,-0.7589928057553957
2,0.0,0.0,0.12272727272727273,-0.2409090909090909,0.13636363636363635,-0.5318181818181819,0.07272727272727272,-0.75,-0.02727272727272727,-0.8681818181818182,-0.23636363636363636,-0.6818181818181818,-0.38636363636363635,-0.8545454545454545,-0.4909090909090909,-0.9363636363636364,-0.5772727272727273,-1.0,-0.35454545454545455,-0.6136363636363636,-0.5272727272727272,-0.8045454545454546,-0.6409090909090909,-0.9136363636363637,-0.7318181818181818,-1.0,-0.4318181818181818,-0.5136363636363637,-0.5954545454545455,-0.6954545454545454,-0.6909090909090909,-0.8090909090909091,-0.7727272727272727,-0.9045454545454545,-0.4909090909090909,-0.37727272727272726,-0.6227272727272727,-0.5272727272727272,-0.7045454545454546,-0.6136363636363636,-0.7772727272727272,-0.7
2,0.0,0.0,0.07981220657276995,-0.29577464788732394,0.03755868544600939,-0.6056338028169014,-0.09389671361502347,-0.812206572769953,-0.23943661971830985,-0.9014084507042254,-0.3568075117370892,-0.6572769953051644,-0.5446009389671361,-0.7934272300469484,-0.6713615023474179,-0.8497652582159625,-0.7793427230046949,-0.8873239436619719,-0.47417840375586856,-0.5586854460093896,-0.704225352112676,-0.6995305164319249,-0.8497652582159625,-0.7746478873239436,-0.971830985915493,-0.8262910798122066,-0.5446009389671361,-0.4413145539906103,-0.7652582159624414,-0.5727699530516432,-0.8873239436619719,-0.6525821596244131,-1.0,-0.7183098591549296,-0.5774647887323944,-0.29577464788732394,-0.755868544600939,-0.40375586854460094,-0.8544600938967136,-0.4694835680751174,-0.9483568075117371,-0.5352112676056338
2,0.0,0.0,0.13333333333333333,-0.16842105263157894,0.21754385964912282,-0.3894736842105263,0.22456140350877193,-0.5614035087719298,0.15789473684210525,-0.6596491228070176,-0.042105263157894736,-0.6,-0.12631578947368421,-0.7719298245614035,-0.18947368421052632,-0.8736842105263158,-0.24912280701754386,-0.9578947368421052,-0.14385964912280702,-0.5824561403508772,-0.23859649122807017,-0.7894736842105263,-0.29473684210526313,-0.9052631578947369,-0.34035087719298246,-1.0,-0.23508771929824562,-0.5228070175438596,-0.3368421052631579,-0.7298245614035088,-0.3894736842105263,-0.8526315789473684,-0.4280701754385965,-0.9614035087719298,-0.32280701754385965,-0.4280701754385965,-0.4280701754385965,-0.5789473684210527,-0.5017543859649123,-0.6807017543859649,-0.5614035087719298,-0.775438596491228
2,0.0,0.0,0.19934640522875818,-0.0032679738562091504,0.39215686274509803,-0.06209150326797386,0.5261437908496732,-0.15359477124183007,0.6013071895424836,-0.2549019607843137,0.38235294117647056,-0.434640522875817,0.46405228758169936,-0.6274509803921569,0.5,-0.7516339869281046,0.5359477124183006,-0.869281045751634,0.2875816993464052,-0.5,0.3790849673202614,-0.7189542483660131,0.43790849673202614,-0.869281045751634,0.49019607843137253,-1.0,0.17647058823529413,-0.5196078431372549,0.2679738562091503,-0.7254901960784313,0.3300653594771242,-0.8562091503267973,0.38562091503267976,-0.9738562091503268,0.049019607843137254,-0.5032679738562091,0.11437908496732026,-0.6666666666666666,0.1568627450980392,-0.7712418300653595,0.20588235294117646,-0.8758169934640523
2,0.0,0.0,0.2074074074074074,0.07777777777777778,0.44074074074074077,0.0962962962962963,0.6222222222222222,0.05555555555555555,0.7666666666666667,-0.037037037037037035,0.5925925925925926,-0.3037037037037037,0.7851851851851852,-0.4740740740740741,0.8925925925925926,-0.5851851851851851,0.9888888888888889,-0.6925925925925925,0.5148148148148148,-0.4148148148148148,0.737037037037037,-0.6074074074074074,0.8777777777777778,-0.7481481481481481,1.0,-0.8629629629629629,0.40370370370370373,-0.48518518518518516,0.6074074074074074,-0.6666666666666666,0.7407407407407407,-0.7814814814814814,0.8592592592592593,-0.8814814814814815,0.25925925925925924,-0.5222222222222223,0.40370370370370373,-0.674074074074074,0.5037037037037037,-0.762962962962963,0.6074074074074074,-0.8518518518518519
2,0.0,0.0,0.18151815181518152,0.0891089108910891,0.38943894389438943,0.12871287128712872,0.5577557755775577,0.10891089108910891,0.6963696369636964,0.0462046204620462,0.5676567656765676,-0.19801980198019803,0.7623762376237624,-0.33003300330033003,0.8712871287128713,-0.42244224422442245,0.966996699669967,-0.49834983498349833,0.5148514851485149,-0.30363036303630364,0.735973597359736,-0.44884488448844884,0.8811881188118812,-0.5511551155115512,1.0,-0.636963696369637,0.42244224422442245,-0.37623762376237624,0.6303630363036303,-0.5148514851485149,0.759075907590759,-0.6006600660066007,0.8745874587458746,-0.6732673267326733,0.29372937293729373,-0.43234323432343236,0.44554455445544555,-0.5445544554455446,0.5478547854785478,-0.6105610561056105,0.6468646864686468,-0.6732673267326733
2,0.0,0.0,0.12432432432432433,-0.08648648648648649,0.15675675675675677,-0.2972972972972973,0.1891891891891892,-0.44324324324324327,0.22702702702702704,-0.5675675675675675,0.043243243243243246,-0.4864864864864865,0.032432432432432434,-0.6864864864864865,0.02702702702702703,-0.8108108108108109,0.010810810810810811,-0.918918918918919,-0.016216216216216217,-0.4864864864864865,-0.03783783783783784,-0.7243243243243244,-0.05945945945945946,-0.8702702702702703,-0.08108108108108109,-1.0,-0.07027027027027027,-0.4486486486486487,-0.10810810810810811,-0.6756756756756757,-0.12972972972972974,-0.8162162162162162,-0.15135135135135136,-0.9405405405405406,-0.12972972972972974,-0.372972972972973,-0.17297297297297298,-0.5405405405405406,-0.1945945945945946,-0.6594594594594595,-0.22162162162162163,-0.772972972972973
2,0.0,0.0,0.1702127659574468,-0.06914893617021277,0.2765957446808511,-0.25,0.3404255319148936,-0.3882978723404255,0.39361702127659576,-0.4787234042553192,0.2074468085106383,-0.4946808510638298,0.24468085106382978,-0.6914893617021277,0.24468085106382978,-0.8085106382978723,0.2393617021276596,-0.898936170212766,0.12234042553191489,-0.526595744680851,0.15425531914893617,-0.75,0.1595744680851064,-0.8882978723404256,0.14893617021276595,-1.0,0.026595744680851064,-0.5106382978723404,0.047872340425531915,-0.7340425531914894,0.05319148936170213,-0.8670212765957447,0.05319148936170213,-0.9787234042553191,-0.07446808510638298,-0.4627659574468085,-0.10106382978723404,-0.6170212765957447,-0.11170212765957446,-0.7287234042553191,-0.11702127659574468,-0.8297872340425532
2,0.0,0.0,0.17297297297297298,-0.07567567567567568,0.2810810810810811,-0.2594594594594595,0.35135135135135137,-0.40540540540540543,0.42162162162162165,-0.5081081081081081,0.2,-0.5027027027027027,0.23243243243243245,-0.6972972972972973,0.24324324324324326,-0.8054054054054054,0.23243243243243245,-0.9027027027027027,0.11351351351351352,-0.5297297297297298,0.14594594594594595,-0.7513513513513513,0.15135135135135136,-0.8864864864864865,0.13513513513513514,-1.0,0.02702702702702703,-0.5243243243243243,0.043243243243243246,-0.7405405405405405,0.04864864864864865,-0.8648648648648649,0.043243243243243246,-0.972972972972973,-0.07567567567567568,-0.4864864864864865,-0.11351351351351352,-0.6378378378378379,-0.12972972972972974,-0.7405405405405405,-0.14594594594594595,-0.8378378378378378
2,0.0,0.0,0.17857142857142858,-0.08163265306122448,0.3112244897959184,-0.27040816326530615,0.40816326530612246,-0.41836734693877553,0.4897959183673469,-0.5102040816326531,0.21428571428571427,-0.5153061224489796,0.25510204081632654,-0.7142857142857143,0.2653061224489796,-0.8316326530612245,0.2602040816326531,-0.9285714285714286,0.10204081632653061,-0.5408163265306123,0.10204081632653061,-0.7653061224489796,0.08673469387755102,-0.8979591836734694,0.061224489795918366,-1.0,0.0,-0.5204081632653061,-0.02040816326530612,-0.7295918367346939,-0.03571428571428571,-0.8520408163265306,-0.05612244897959184,-0.9591836734693877,-0.10204081632653061,-0.45408163265306123,-0.17346938775510204,-0.6020408163265306,-0.2193877551020408,-0.6989795918367347,-0.2653061224489796,-0.7908163265306123
2,0.0,0.0,0.22043010752688172,-0.08602150537634409,0.3924731182795699,-0.27956989247311825,0.4946236559139785,-0.45161290322580644,0.5645161290322581,-0.5591397849462365,0.25806451612903225,-0.521505376344086,0.3225806451612903,-0.7150537634408602,0.3548387096774194,-0.8279569892473119,0.3709677419354839,-0.9247311827956989,0.12903225806451613,-0.553763440860215,0.16666666666666666,-0.7688172043010753,0.1774193548387097,-0.8978494623655914,0.1827956989247312,-1.0,0.0,-0.543010752688172,0.010752688172043012,-0.7473118279569892,0.03225806451612903,-0.8655913978494624,0.053763440860215055,-0.9623655913978495,-0.13978494623655913,-0.4946236559139785,-0.1935483870967742,-0.6505376344086021,-0.22580645161290322,-0.7580645161290323,-0.24731182795698925,-0.8548387096774194
2,0.0,0.0,0.21311475409836064,-0.09289617486338798,0.37158469945355194,-0.2786885245901639,0.47540983606557374,-0.44808743169398907,0.546448087431694,-0.5628415300546448,0.22404371584699453,-0.5355191256830601,0.273224043715847,-0.7213114754098361,0.2896174863387978,-0.8360655737704918,0.29508196721311475,-0.9289617486338798,0.09289617486338798,-0.5573770491803278,0.1092896174863388,-0.7704918032786885,0.1092896174863388,-0.9016393442622951,0.10382513661202186,-1.0,-0.03278688524590164,-0.5355191256830601,-0.03278688524590164,-0.7377049180327869,-0.0273224043715847,-0.8633879781420765,-0.02185792349726776,-0.9562841530054644,-0.16393442622950818,-0.47540983606557374,-0.22950819672131148,-0.6229508196721312,-0.2677595628415301,-0.7213114754098361,-0.2896174863387978,-0.819672131147541
2,0.0,0.0,0.21965317919075145,-0.08092485549132948,0.3872832369942196,-0.24855491329479767,0.4913294797687861,-0.4161849710982659,0.5606936416184971,-0.5317919075144508,0.24277456647398843,-0.5260115606936416,0.3179190751445087,-0.7052023121387283,0.34104046242774566,-0.8265895953757225,0.3468208092485549,-0.9190751445086706,0.10982658959537572,-0.5549132947976878,0.13872832369942195,-0.7745664739884393,0.14450867052023122,-0.9017341040462428,0.14450867052023122,-1.0,-0.017341040462427744,-0.5491329479768786,-0.005780346820809248,-0.7630057803468208,0.005780346820809248,-0.8901734104046243,0.011560693641618497,-0.9884393063583815,-0.15028901734104047,-0.49710982658959535,-0.2138728323699422,-0.6473988439306358,-0.24277456647398843,-0.7514450867052023,-0.26011560693641617,-0.8439306358381503
2,0.0,0.0,0.1919191919191919,-0.09090909090909091,0.3484848484848485,-0.2727272727272727,0.4444444444444444,-0.43434343434343436,0.5050505050505051,-0.5353535353535354,0.20707070707070707,-0.5202020202020202,0.2676767676767677,-0.7121212121212122,0.2878787878787879,-0.8282828282828283,0.29292929292929293,-0.9242424242424242,0.08080808080808081,-0.5404040404040404,0.09595959595959595,-0.7626262626262627,0.10101010101010101,-0.8939393939393939,0.09595959595959595,-1.0,-0.04040404040404041,-0.5202020202020202,-0.04040404040404041,-0.7323232323232324,-0.030303030303030304,-0.8636363636363636,-0.020202020202020204,-0.9696969696969697,-0.16666666666666666,-0.4595959595959596,-0.22727272727272727,-0.5959595959595959,-0.26262626262626265,-0.696969696969697,-0.2878787878787879,-0.7878787878787878
2,0.0,0.0,0.1919191919191919,-0.09090909090909091,0.30808080808080807,-0.2777777777777778,0.35858585858585856,-0.4494949494949495,0.398989898989899,-0.5707070707070707,0.22727272727272727,-0.494949494949495,0.2676767676767677,-0.6919191919191919,0.2727272727272727,-0.8131313131313131,0.2727272727272727,-0.9090909090909091,0.11616161616161616,-0.5252525252525253,0.14646464646464646,-0.7525252525252525,0.15656565656565657,-0.8888888888888888,0.15151515151515152,-1.0,0.010101010101010102,-0.5202020202020202,0.020202020202020204,-0.7272727272727273,0.04040404040404041,-0.8535353535353535,0.05555555555555555,-0.9545454545454546,-0.10606060606060606,-0.4696969696969697,-0.14646464646464646,-0.6262626262626263,-0.16161616161616163,-0.7323232323232324,-0.16666666666666666,-0.8282828282828283
2,0.0,0.0,0.1778846153846154,-0.11057692307692307,0.2932692307692308,-0.30288461538461536,0.3269230769230769,-0.4807692307692308,0.35096153846153844,-0.6153846153846154,0.16826923076923078,-0.5336538461538461,0.19230769230769232,-0.7307692307692307,0.20192307692307693,-0.8461538461538461,0.20192307692307693,-0.9423076923076923,0.04807692307692308,-0.5432692307692307,0.057692307692307696,-0.7596153846153846,0.04807692307692308,-0.8942307692307693,0.04326923076923077,-1.0,-0.0625,-0.5192307692307693,-0.0625,-0.7211538461538461,-0.052884615384615384,-0.8509615384615384,-0.04326923076923077,-0.9615384615384616,-0.1778846153846154,-0.44711538461538464,-0.23557692307692307,-0.5865384615384616,-0.2692307692307692,-0.6826923076923077,-0.2932692307692308,-0.7740384615384616
2,0.0,0.0,0.19004524886877827,-0.06787330316742081,0.334841628959276,-0.23076923076923078,0.4117647058823529,-0.3936651583710407,0.48868778280542985,-0.5158371040723982,0.2398190045248869,-0.49321266968325794,0.2850678733031674,-0.6923076923076923,0.3031674208144796,-0.8099547511312217,0.3167420814479638,-0.9140271493212669,0.13122171945701358,-0.5203619909502263,0.18099547511312217,-0.7420814479638009,0.2081447963800905,-0.8868778280542986,0.22624434389140272,-1.0,0.02262443438914027,-0.5067873303167421,0.05429864253393665,-0.7149321266968326,0.08597285067873303,-0.8461538461538461,0.12217194570135746,-0.9638009049773756,-0.09954751131221719,-0.46153846153846156,-0.08144796380090498,-0.6199095022624435,-0.05429864253393665,-0.7194570135746606,-0.01809954751131222,-0.8190045248868778
2,0.0,0.0,0.19047619047619047,-0.06666666666666667,0.32857142857142857,-0.23333333333333334,0.36666666666666664,-0.4142857142857143,0.4095238095238095,-0.5523809523809524,0.23333333333333334,-0.5,0.2714285714285714,-0.7,0.28095238095238095,-0.819047619047619,0.2761904761904762,-0.9238095238095239,0.11428571428571428,-0.5285714285714286,0.15714285714285714,-0.7523809523809524,0.17142857142857143,-0.8952380952380953,0.18095238095238095,-1.0,0.0,-0.5142857142857142,0.02857142857142857,-0.7285714285714285,0.05714285714285714,-0.861904761904762,0.08095238095238096,-0.9714285714285714,-0.11904761904761904,-0.4666666666666667,-0.10952380952380952,-0.6238095238095238,-0.1,-0.7285714285714285,-0.0761904761904762,-0.8285714285714286
2,0.0,0.0,0.19230769230769232,-0.07211538461538461,0.32211538461538464,-0.23557692307692307,0.3605769230769231,-0.4182692307692308,0.3894230769230769,-0.5625,0.23557692307692307,-0.5048076923076923,0.28365384615384615,-0.7019230769230769,0.2932692307692308,-0.8221153846153846,0.2932692307692308,-0.9230769230769231,0.1201923076923077,-0.5336538461538461,0.16826923076923078,-0.7548076923076923,0.1875,-0.8942307692307693,0.20192307692307693,-1.0,0.009615384615384616,-0.5240384615384616,0.038461538461538464,-0.7355769230769231,0.07211538461538461,-0.8653846153846154,0.10096153846153846,-0.9711538461538461,-0.11057692307692307,-0.47596153846153844,-0.10576923076923077,-0.6298076923076923,-0.08653846153846154,-0.7355769230769231,-0.0625,-0.8317307692307693
